{"cameraMode":{"drawMode":0,"name":"Shaded","section":"Shading Mode"},"sceneLighting":true,"audioPlay":false,"sceneViewState":{"m_AlwaysRefresh":false,"showFog":true,"showSkybox":true,"showFlares":true,"showImageEffects":true,"showParticleSystems":true,"showVisualEffectGraphs":true,"m_FxEnabled":true},"in2DMode":false,"pivot":{"x":0.619166374206543,"y":0.3506002426147461,"z":0.2934837341308594},"rotation":{"x":-0.08629950881004334,"y":0.900463342666626,"z":-0.20923259854316712,"w":-0.37140265107154848},"size":12.601879119873047,"orthographic":false}